Future Month,Predicted Sales
1,69957.53579787233
2,70859.54333018346
3,71761.55086249457
4,72663.55839480567
5,73565.5659271168
6,74467.57345942792
7,75369.58099173903
8,76271.58852405014
9,77173.59605636126
10,78075.60358867238
11,78977.61112098349
12,79879.6186532946
